-- phpMyAdmin SQL Dump
-- version 5.2.1
-- https://www.phpmyadmin.net/
--
-- Máy chủ: 127.0.0.1
-- Thời gian đã tạo: Th12 07, 2024 lúc 04:09 PM
-- Phiên bản máy phục vụ: 10.4.32-MariaDB
-- Phiên bản PHP: 8.2.12

SET SQL_MODE = "NO_AUTO_VALUE_ON_ZERO";
START TRANSACTION;
SET time_zone = "+00:00";


/*!40101 SET @OLD_CHARACTER_SET_CLIENT=@@CHARACTER_SET_CLIENT */;
/*!40101 SET @OLD_CHARACTER_SET_RESULTS=@@CHARACTER_SET_RESULTS */;
/*!40101 SET @OLD_COLLATION_CONNECTION=@@COLLATION_CONNECTION */;
/*!40101 SET NAMES utf8mb4 */;

--
-- Cơ sở dữ liệu: `du_an_1`
--

-- --------------------------------------------------------

--
-- Cấu trúc bảng cho bảng `binh_luan`
--

CREATE TABLE `binh_luan` (
  `binh_luan_id` int(11) NOT NULL,
  `noi_dung` varchar(255) NOT NULL,
  `tai_khoan_id` int(11) NOT NULL,
  `san_pham_id` int(11) NOT NULL,
  `ngay_binh_luan` datetime DEFAULT current_timestamp(),
  `trang_thai` tinyint(1) DEFAULT 1
) ENGINE=InnoDB DEFAULT CHARSET=utf8mb4 COLLATE=utf8mb4_general_ci;

--
-- Đang đổ dữ liệu cho bảng `binh_luan`
--

INSERT INTO `binh_luan` (`binh_luan_id`, `noi_dung`, `tai_khoan_id`, `san_pham_id`, `ngay_binh_luan`, `trang_thai`) VALUES
(2, 'cuoừng kend đã bình luận', 3, 43, '2024-11-18 23:16:22', 1),
(3, 'bình boong xin chào', 5, 44, '2024-11-19 23:17:18', 1),
(6, 'đẹp', 1, 50, '2024-11-21 14:30:56', 1),
(7, 'hiii', 1, 50, '2024-11-21 14:58:59', 1),
(8, 'đẹp lắm nha', 1, 50, '2024-11-21 15:01:12', 1),
(9, 'oke lắm nha', 1, 50, '2024-11-21 15:23:40', 1),
(10, 'sản phẩm này oke nha', 6, 44, '2024-11-21 15:47:37', 1),
(11, 'hay lắm nhaaaa', 1, 45, '2024-11-21 17:16:19', 1),
(12, 'oke nhaaa\r\n', 1, 45, '2024-11-21 20:07:39', 1),
(14, 'ok đấy', 7, 59, '2024-11-22 12:11:23', 1),
(15, 'đẹp keng\r\n', 7, 69, '2024-11-22 14:59:37', 1),
(16, 'đẹp', 7, 144, '2024-12-07 21:05:27', 1);

-- --------------------------------------------------------

--
-- Cấu trúc bảng cho bảng `chi_tiet_don_hang`
--

CREATE TABLE `chi_tiet_don_hang` (
  `chi_tiet_don_hang_id` int(11) NOT NULL,
  `don_hang_id` int(11) NOT NULL,
  `san_pham_id` int(11) NOT NULL,
  `ram_id` int(11) NOT NULL,
  `so_luong` int(11) NOT NULL,
  `gia` int(11) NOT NULL,
  `tong_tien` int(11) DEFAULT NULL
) ENGINE=InnoDB DEFAULT CHARSET=utf8mb4 COLLATE=utf8mb4_general_ci;

--
-- Đang đổ dữ liệu cho bảng `chi_tiet_don_hang`
--

INSERT INTO `chi_tiet_don_hang` (`chi_tiet_don_hang_id`, `don_hang_id`, `san_pham_id`, `ram_id`, `so_luong`, `gia`, `tong_tien`) VALUES
(81, 79, 144, 5, 6, 36500000, NULL),
(82, 80, 144, 5, 5, 36500000, NULL),
(83, 81, 144, 5, 1, 36500000, NULL),
(84, 82, 144, 5, 4, 36500000, NULL),
(85, 83, 144, 0, 1, 36500000, NULL),
(86, 84, 144, 5, 1, 36500000, NULL),
(87, 85, 144, 5, 1, 36500000, NULL),
(88, 86, 144, 5, 3, 36500000, NULL),
(89, 87, 143, 9, 1, 41000000, NULL),
(90, 88, 143, 5, 1, 36500000, NULL),
(91, 89, 143, 5, 1, 36500000, NULL),
(92, 90, 143, 5, 1, 36500000, NULL),
(93, 91, 143, 5, 1, 36500000, NULL),
(94, 92, 143, 5, 1, 36500000, NULL),
(95, 93, 143, 5, 1, 36500000, NULL),
(96, 94, 143, 5, 1, 36500000, NULL),
(97, 95, 143, 5, 1, 36500000, NULL),
(98, 96, 143, 0, 1, 36500000, NULL),
(99, 97, 143, 0, 1, 36500000, NULL),
(100, 98, 143, 5, 1, 36500000, NULL);

-- --------------------------------------------------------

--
-- Cấu trúc bảng cho bảng `danh_muc`
--

CREATE TABLE `danh_muc` (
  `danh_muc_id` int(11) NOT NULL,
  `ten_danh_muc` varchar(50) NOT NULL,
  `hinh` varchar(255) NOT NULL,
  `mo_ta` text DEFAULT NULL,
  `trang_thai` tinyint(1) DEFAULT 1
) ENGINE=InnoDB DEFAULT CHARSET=utf8mb4 COLLATE=utf8mb4_general_ci;

--
-- Đang đổ dữ liệu cho bảng `danh_muc`
--

INSERT INTO `danh_muc` (`danh_muc_id`, `ten_danh_muc`, `hinh`, `mo_ta`, `trang_thai`) VALUES
(1, 'Iphone 12 series', '../Upload/Category/1732217631_2020_10_14_637382695935086033_ip-12-pro-dd.jpeg', 'Iphone 12, Iphone 12 Pro, Iphone 12 Pro Max', 1),
(2, 'Iphone 13 series', '../Upload/Category/1732217745_2023_1_31_638107846050436352_iphone-13-pro-dd.jpg', 'Iphone 13, Iphone 13 Pro, Iphone 13 Pro Max', 1),
(3, 'Iphone 14 series', '../Upload/Category/1732217792_2022_10_7_638007285202545738_iphone-14-pro-max-dd-bh.jpg', 'Iphone 14, Iphone 14 Pro, Iphone 14 Pro Max', 1),
(5, 'Iphone 15 series', '../Upload/Category/1732217838_iphone_15_pro_thumb_0900bfe015.png', 'Iphone 15, Iphone 15 Plus, Iphone 15 Pro, Iphone 15 Pro Max', 1),
(6, 'Iphone 11 series', '../Upload/Category/1732450334_2019_9_11_637037687757921048_11-pro-max-chung.jpeg', 'Iphone 11, Iphone 11 Pro, Iphone 11 Pro Max', 1),
(7, 'Iphone 16 series', '../Upload/Category/1732452193_iphone_16_pro_max_bda3030b4b.png', 'Iphone 16, Iphone 16 Plus, Iphone 16 Pro, Iphone 16 Pro Max', 1);

-- --------------------------------------------------------

--
-- Cấu trúc bảng cho bảng `don_hang`
--

CREATE TABLE `don_hang` (
  `don_hang_id` int(11) NOT NULL,
  `tai_khoan_id` int(11) NOT NULL,
  `ho_va_ten` varchar(50) NOT NULL,
  `dia_chi` varchar(255) DEFAULT NULL,
  `so_dien_thoai` varchar(20) NOT NULL,
  `email` varchar(255) NOT NULL,
  `ngay_dat` date DEFAULT NULL,
  `tong_tien` int(11) DEFAULT NULL,
  `phuong_thuc_thanh_toan` tinyint(1) DEFAULT 1,
  `trang_thai` tinyint(1) DEFAULT 1,
  `ly_do_huy` text DEFAULT NULL,
  `ngay_xu_ly` date DEFAULT NULL
) ENGINE=InnoDB DEFAULT CHARSET=utf8mb4 COLLATE=utf8mb4_general_ci;

--
-- Đang đổ dữ liệu cho bảng `don_hang`
--

INSERT INTO `don_hang` (`don_hang_id`, `tai_khoan_id`, `ho_va_ten`, `dia_chi`, `so_dien_thoai`, `email`, `ngay_dat`, `tong_tien`, `phuong_thuc_thanh_toan`, `trang_thai`, `ly_do_huy`, `ngay_xu_ly`) VALUES
(79, 12, 'Nguyễn Bảo Anh', 'Phú Thọ', '1234556788', 'banhhhh123@gmail.com', '2024-12-05', 219030000, 1, 4, NULL, '2024-12-05'),
(80, 12, 'Nguyễn Bảo Anh', 'Phú Thọ', '1234556788', 'banhhhh123@gmail.com', '2024-12-05', 182530000, 1, 4, NULL, '2024-12-05'),
(81, 12, 'Nguyễn Bảo Anh', 'Phú Thọ', '1234556788', 'banhhhh123@gmail.com', '2024-12-05', 36530000, 1, 4, NULL, '2024-12-05'),
(82, 12, 'Nguyễn Bảo Anh', 'Phú Thọ', '1234556788', 'banhhhh123@gmail.com', '2024-12-05', 146030000, 1, 5, NULL, NULL),
(83, 7, 'Bình Nguyễn Thanh', 'Ngõ 123/7, Phương Canh, Nam Từ Liêm, Hà Nội', '0849371414', 'binhntph50046@gmail.com', '2024-12-05', 36530000, 1, 4, NULL, '2024-12-05'),
(84, 7, 'Bình Nguyễn Thanh', 'Ngõ 123/7, Phương Canh, Nam Từ Liêm, Hà Nội', '0849371414', 'binhntph50046@gmail.com', '2024-12-06', 36530000, 1, 5, '', '2024-12-07'),
(85, 7, 'Bình Nguyễn Thanh', 'Ngõ 123/7, Phương Canh, Nam Từ Liêm, Hà Nội', '0849371414', 'binhntph50046@gmail.com', '2024-12-06', 36530000, 1, 4, NULL, '2024-12-07'),
(86, 7, 'Bình Nguyễn Thanh', 'Ngõ 123/7, Phương Canh, Nam Từ Liêm, Hà Nội', '0849371414', 'binhntph50046@gmail.com', '2024-12-06', 109530000, 1, 5, '', '2024-12-07'),
(87, 7, 'Bình Nguyễn Thanh', 'Ngõ 123/7, Phương Canh, Nam Từ Liêm, Hà Nội', '0849371414', 'binhntph50046@gmail.com', '2024-12-07', 41030000, 1, 5, NULL, '2024-12-07'),
(88, 7, 'Bình Nguyễn Thanh', 'Ngõ 123/7, Phương Canh, Nam Từ Liêm, Hà Nội', '0849371414', 'binhntph50046@gmail.com', '2024-12-07', 36530000, 1, 5, 'vì mày nguuuuu', '2024-12-07'),
(89, 7, 'Bình Nguyễn Thanh', 'Ngõ 123/7, Phương Canh, Nam Từ Liêm, Hà Nội', '0849371414', 'binhntph50046@gmail.com', '2024-12-07', 36530000, 1, 5, 'vì mày nguuuuu', '2024-12-07'),
(90, 7, 'Bình Nguyễn Thanh', 'Ngõ 123/7, Phương Canh, Nam Từ Liêm, Hà Nội', '0849371414', 'binhntph50046@gmail.com', '2024-12-07', 36530000, 1, 4, NULL, '2024-12-07'),
(91, 7, 'Bình Nguyễn Thanh', 'Ngõ 123/7, Phương Canh, Nam Từ Liêm, Hà Nội', '0849371414', 'binhntph50046@gmail.com', '2024-12-07', 36530000, 1, 4, NULL, '2024-12-07'),
(92, 7, 'Bình Nguyễn Thanh', 'Ngõ 123/7, Phương Canh, Nam Từ Liêm, Hà Nội', '0849371414', 'binhntph50046@gmail.com', '2024-12-07', 36530000, 1, 5, 'vì mày nguuuuu', '2024-12-07'),
(93, 7, 'Bình Nguyễn Thanh', 'Ngõ 123/7, Phương Canh, Nam Từ Liêm, Hà Nội', '0849371414', 'binhntph50046@gmail.com', '2024-12-07', 36530000, 1, 5, 'vì mày nguuuuu', NULL),
(94, 7, 'Bình Nguyễn Thanh', 'Ngõ 123/7, Phương Canh, Nam Từ Liêm, Hà Nội', '0849371414', 'binhntph50046@gmail.com', '2024-12-07', 36530000, 1, 4, NULL, '2024-12-07'),
(95, 7, 'Bình Nguyễn Thanh', 'Ngõ 123/7, Phương Canh, Nam Từ Liêm, Hà Nội', '0849371414', 'binhntph50046@gmail.com', '2024-12-07', 36530000, 1, 5, 'vì mày nguuuuu', NULL),
(96, 7, 'Bình Nguyễn Thanh', 'Ngõ 123/7, Phương Canh, Nam Từ Liêm, Hà Nội', '0849371414', 'binhntph50046@gmail.com', '2024-12-07', 36530000, 1, 1, NULL, NULL),
(97, 7, 'Bình Nguyễn Thanh', 'Ngõ 123/7, Phương Canh, Nam Từ Liêm, Hà Nội', '0849371414', 'binhntph50046@gmail.com', '2024-12-07', 36530000, 1, 1, NULL, NULL),
(98, 7, 'Bình Nguyễn Thanh', 'Ngõ 123/7, Phương Canh, Nam Từ Liêm, Hà Nội', '0849371414', 'binhntph50046@gmail.com', '2024-12-07', 36530000, 1, 5, 'vì mày nguuuuu', NULL);

-- --------------------------------------------------------

--
-- Cấu trúc bảng cho bảng `gio_hang`
--

CREATE TABLE `gio_hang` (
  `gio_hang_id` int(11) NOT NULL,
  `tai_khoan_id` int(11) NOT NULL,
  `san_pham_id` int(11) NOT NULL,
  `ram_id` int(11) NOT NULL,
  `so_luong` int(11) NOT NULL DEFAULT 1,
  `ngay_them_vao` timestamp NOT NULL DEFAULT current_timestamp()
) ENGINE=InnoDB DEFAULT CHARSET=utf8mb4 COLLATE=utf8mb4_general_ci;

--
-- Đang đổ dữ liệu cho bảng `gio_hang`
--

INSERT INTO `gio_hang` (`gio_hang_id`, `tai_khoan_id`, `san_pham_id`, `ram_id`, `so_luong`, `ngay_them_vao`) VALUES
(7, 2, 50, 5, 1, '2024-11-21 20:07:39'),
(9, 5, 44, 5, 3, '2024-11-21 20:07:39');

-- --------------------------------------------------------

--
-- Cấu trúc bảng cho bảng `hinh_anh_san_pham`
--

CREATE TABLE `hinh_anh_san_pham` (
  `hinh_anh_id` int(11) NOT NULL,
  `hinh_sp` varchar(255) NOT NULL,
  `san_pham_id` int(11) DEFAULT NULL
) ENGINE=InnoDB DEFAULT CHARSET=utf8mb4 COLLATE=utf8mb4_general_ci;

--
-- Đang đổ dữ liệu cho bảng `hinh_anh_san_pham`
--

INSERT INTO `hinh_anh_san_pham` (`hinh_anh_id`, `hinh_sp`, `san_pham_id`) VALUES
(1, '../Upload/Product/1732218837_2020_10_14_637382632990998957_ip-12-xanhduong-1.jpeg', 43),
(5, '../Upload/Product/1732218025_2021_9_15_637673230231791121_iphone-13-mini-den-1.jpg', 44),
(7, '../Upload/Product/1732218062_2022_11_30_638054086797665958_ip-14-den-1.jpg', 45),
(20, '../Upload/Product/1732218642_2023_9_15_638303935769505085_iphone-15-xanh-1.jpg', 50),
(25, '../Upload/Product/1732218675_2020_10_14_637382632990998957_ip-12-xanhla-1.jpeg', 55),
(27, '../Upload/Product/1732218886_2021_9_15_637673230232103636_iphone-13-mini-do-1.jpg', 57),
(28, '../Upload/Product/1732218925_2022_11_30_638054088819837718_ip-14-do-1.jpg', 58),
(29, '../Upload/Product/1732219085_2023_9_20_638307980220145280_iphone-15-promax-den-1.jpg', 59),
(32, '../Upload/Product/1732219195_2023_9_20_638307982103040290_iphone-15-promax-trang-1.jpg', 62),
(33, '../Upload/Product/1732219327_2023_9_20_638307989548944936_iphone-15-promax-xanh-1.jpg', 63),
(34, '../Upload/Product/1732219341_2023_9_20_638307992305419305_iphone-15-promax-xanh-vang-1.jpg', 64),
(35, '../Upload/Product/1732219521_2023_9_16_638304560571374532_iphone-15-pro-den-1.jpg', 65),
(36, '../Upload/Product/1732219537_2023_9_16_638304565863318698_iphone-15-pro-trang-1.jpg', 66),
(37, '../Upload/Product/1732219573_2023_9_16_638304612779650501_iphone-15-pro-xanh-1.jpg', 67),
(38, '../Upload/Product/1732219593_2023_9_16_638304626032590721_iphone-15-pro-vang-1.jpg', 68),
(39, '../Upload/Product/1732219643_2023_9_15_638303942321093007_iphone-15-hong-1.jpg', 69),
(40, '../Upload/Product/1732219671_2023_9_15_638303944832321476_iphone-15-vang-1.jpg', 70),
(41, '../Upload/Product/1732219694_2023_9_15_638303947975273507_iphone-15-den-1.jpg', 71),
(42, '../Upload/Product/1732219709_2023_9_15_638303950417112947_iphone-15-xanh-la-1.jpg', 72),
(43, '../Upload/Product/1732241909_2022_11_30_638054090260153672_ip-14-tim-1.jpg', 73),
(44, '../Upload/Product/1732241929_2022_11_30_638054091427671235_ip-14-trang-1.jpg', 74),
(45, '../Upload/Product/1732241950_2022_11_30_638054092490170033_ip-14-xanh-1.jpg', 75),
(46, '../Upload/Product/1732241977_2023_3_7_638138235534641283_iphone-14-vang-1.jpg', 76),
(47, '../Upload/Product/1732242081_2022_11_30_638054205618721510_ip-14-pro-bac-1.jpg', 77),
(48, '../Upload/Product/1732242102_2022_11_30_638054212873983148_ip-14-pro-den-1.jpg', 78),
(49, '../Upload/Product/1732242122_2022_11_30_638054213959247730_ip-14-pro-tim-1.jpg', 79),
(50, '../Upload/Product/1732242142_2022_11_30_638054215482172772_ip-14-pro-vang-1.jpg', 80),
(51, '../Upload/Product/1732242272_2022_11_30_638054217303176240_ip-14-pro-max-bac-1.jpg', 81),
(52, '../Upload/Product/1732242404_2022_11_30_638054220350691584_ip-14-pro-max-tim-1.jpg', 82),
(53, '../Upload/Product/1732242449_2022_11_30_638054218956629637_ip-14-pro-max-den-1.jpg', 83),
(54, '../Upload/Product/1732242479_2022_11_30_638054222139728415_ip-14-pro-max-vang-1.jpg', 84),
(55, '../Upload/Product/1732242662_2021_9_15_637673230236166189_iphone-13-mini-hong-1.jpg', 85),
(56, '../Upload/Product/1732242682_2021_9_15_637673230236322511_iphone-13-mini-trang-1.jpg', 86),
(57, '../Upload/Product/1732242715_2021_9_15_637673230237572519_iphone-13-mini-xanh-1.jpg', 87),
(58, '../Upload/Product/1732242742_2022_3_9_637824166253829277_iphone-13-xanhreu-1.jpg', 88),
(59, '../Upload/Product/1732242795_2022_4_21_637861335143797501_iphone-13-pro-max-xanh-1.jpg', 89),
(60, '../Upload/Product/1732242822_2022_4_21_637861377064603878_iphone-13-pro-xanhla-1.jpg', 90),
(61, '../Upload/Product/1732242843_2022_4_22_637862349455987973_iphone-13-pro-max-vang-1.jpg', 91),
(62, '../Upload/Product/1732242868_2022_4_22_637862360771182933_iphone-13-pro-max-xam-1.jpg', 92),
(63, '../Upload/Product/1732242893_2022_4_22_637862362161472689_iphone-13-pro-max-bac-1.jpg', 93),
(68, '../Upload/Product/1732243731_2022_12_6_638059219869727250_iphone-12-den-1.jpg', 98),
(69, '../Upload/Product/1732243750_2022_12_6_638059230891032843_iphone-12-do-1.jpg', 99),
(70, '../Upload/Product/1732243768_2022_12_6_638059232363845825_iphone-12-tim-1.jpg', 100),
(71, '../Upload/Product/1732243878_2022_12_6_638059234481574752_iphone-12-trang-1.jpg', 101),
(73, '../Upload/Product/1732450689_2019_9_11_637037652462391706_11-tim.jpeg', 103),
(74, '../Upload/Product/1732450744_2019_9_11_637037652463173144_11-xanh.jpeg', 104),
(75, '../Upload/Product/1732450765_2019_9_11_637037652463329577_11-do.jpeg', 105),
(76, '../Upload/Product/1732450784_2019_9_11_637037652463931657_11-vang.jpeg', 106),
(77, '../Upload/Product/1732450804_2022_12_6_638059306728859551_iphone-11-den-1.jpg', 107),
(78, '../Upload/Product/1732450821_2022_12_6_638059309890101717_iphone-11-trang-1.jpg', 108),
(79, '../Upload/Product/1732450887_2019_9_11_637037672777825836_11-pro-trang.jpeg', 109),
(80, '../Upload/Product/1732450906_2019_9_11_637037672777887257_11-pro-den.jpeg', 110),
(81, '../Upload/Product/1732450928_2019_9_11_637037672778888750_11-pro-vang.jpeg', 111),
(82, '../Upload/Product/1732450949_2019_9_11_637037672778988772_11-pro-xanh.jpeg', 112),
(83, '../Upload/Product/1732451051_2019_9_11_637037687763107876_11-pro-max-trang.jpeg', 113),
(84, '../Upload/Product/1732451070_2019_9_11_637037687763926758_11-pro-max-xanh.jpeg', 114),
(85, '../Upload/Product/1732451092_2019_9_11_637037687764284663_11-pro-max-den.jpeg', 115),
(86, '../Upload/Product/1732451112_2019_9_11_637037687765081535_11-pro-max-vang.jpeg', 116),
(87, '../Upload/Product/1732451341_2022_3_28_637840956036926900_iphone-13-pro-max-xanhreu-1.jpg', 117),
(88, '../Upload/Product/1732451357_2022_4_19_637859751770980691_iphone-13-pro-max-xam-1.jpg', 118),
(89, '../Upload/Product/1732451371_2022_4_19_637859758073431566_iphone-13-pro-max-bac-1.jpg', 119),
(90, '../Upload/Product/1732451426_2022_4_19_637859770669240063_iphone-13-pro-max-xanh-1.jpg', 120),
(91, '../Upload/Product/1732451446_2022_4_19_637859778843241685_iphone-13-pro-max-vang-1.jpg', 121),
(92, '../Upload/Product/1732451629_2023_9_16_638304527009434472_iphone-15-plus-xanh-1.jpg', 122),
(93, '../Upload/Product/1732451646_2023_9_16_638304529811071921_iphone-15-plus-hong-1.jpg', 123),
(94, '../Upload/Product/1732451670_2023_9_16_638304533958574281_iphone-15-plus-vang-1.jpg', 124),
(95, '../Upload/Product/1732451744_2023_9_16_638304536466753948_iphone-15-plus-den-1.jpg', 125),
(96, '../Upload/Product/1732451765_2023_9_16_638304538646866367_iphone-15-plus-xanh-la-1.jpg', 126),
(97, '../Upload/Product/1732452403_iphone_16_black_fe52c5d947.png', 127),
(98, '../Upload/Product/1732452420_iphone_16_pink_23227ae794.png', 128),
(99, '../Upload/Product/1732452438_iphone_16_teal_09fe254c00.png', 129),
(100, '../Upload/Product/1732452458_iphone_16_ultramarine_523066aa94.png', 130),
(101, '../Upload/Product/1732452481_iphone_16_white_9eac5c03e3.png', 131),
(102, '../Upload/Product/1732452512_iphone_16_plus_black_37a9bceca0.png', 132),
(103, '../Upload/Product/1732452529_iphone_16_plus_pink_9ea3233dfe.png', 133),
(104, '../Upload/Product/1732452551_iphone_16_plus_teal_47d97763c1.png', 134),
(105, '../Upload/Product/1732452566_iphone_16_plus_ultramarine_0ef73cdfa7.png', 135),
(106, '../Upload/Product/1732452583_iphone_16_plus_white_1a1863c098.png', 136),
(107, '../Upload/Product/1732452625_iphone_16_pro_black_titan_1f65ba95c7.png', 137),
(108, '../Upload/Product/1732452685_iphone_16_pro_desert_titan_de8448c1fe.png', 138),
(110, '../Upload/Product/1732452722_iphone_16_pro_white_titan_4f21b4f56e.png', 140),
(111, '../Upload/Product/1732452756_iphone_16_pro_max_black_titan_b3274fbf05.png', 141),
(112, '../Upload/Product/1732452772_iphone_16_pro_max_desert_titan_3552a28ae0.png', 142),
(113, '../Upload/Product/1732452794_iphone_16_pro_max_natural_titan_1875852ac7.png', 143),
(114, '../Upload/Product/1732452825_iphone_16_pro_max_white_titan_ec6c800e82.png', 144);

-- --------------------------------------------------------

--
-- Cấu trúc bảng cho bảng `khuyen_mai`
--

CREATE TABLE `khuyen_mai` (
  `khuyen_mai_id` int(11) NOT NULL,
  `ten_khuyen_mai` varchar(255) NOT NULL,
  `mo_ta` text DEFAULT NULL,
  `phan_tram_giam` int(11) NOT NULL,
  `giam_gia` decimal(10,2) DEFAULT NULL,
  `ngay_bat_dau` date NOT NULL,
  `ngay_ket_thuc` date NOT NULL
) ENGINE=InnoDB DEFAULT CHARSET=utf8mb4 COLLATE=utf8mb4_general_ci;

--
-- Đang đổ dữ liệu cho bảng `khuyen_mai`
--

INSERT INTO `khuyen_mai` (`khuyen_mai_id`, `ten_khuyen_mai`, `mo_ta`, `phan_tram_giam`, `giam_gia`, `ngay_bat_dau`, `ngay_ket_thuc`) VALUES
(4, 'Saleee', 'nhân ngày 20-11 sale lớn hãy mua', 0, 800000.00, '2024-11-20', '2024-11-22'),
(7, 'khuyến mãi', 'hhhhhhhhhhhh', 35, 0.00, '2024-11-20', '2024-11-21'),
(8, 'sale cho bình boong', 'nhân ngày bình có vợ 2', 12, 0.00, '2024-11-20', '2024-11-27'),
(9, 'Sale sập sàn', '20-11 ngày hôm nay', 0, 500000.00, '2024-11-21', '2024-11-22');

-- --------------------------------------------------------

--
-- Cấu trúc bảng cho bảng `ram`
--

CREATE TABLE `ram` (
  `ram_id` int(11) NOT NULL,
  `dung_luong` varchar(20) NOT NULL,
  `gia_tang` int(10) NOT NULL,
  `mo_ta` text DEFAULT NULL,
  `trang_thai` tinyint(1) DEFAULT 1
) ENGINE=InnoDB DEFAULT CHARSET=utf8mb4 COLLATE=utf8mb4_general_ci;

--
-- Đang đổ dữ liệu cho bảng `ram`
--

INSERT INTO `ram` (`ram_id`, `dung_luong`, `gia_tang`, `mo_ta`, `trang_thai`) VALUES
(5, '128Gb', 0, 'Dung lượng hợp vừaaaa', 1),
(6, '256Gb', 1500000, 'Dung lượng hợp đủ với chụp ảnh', 1),
(7, '512Gb', 3000000, 'Dung lượng hợp hợp với quay phim, chụp ảnh, chơi game', 1),
(9, '1TB', 4500000, 'Dung lượng lớn', 1),
(14, '8', 0, NULL, 1),
(15, '128hhh', 0, NULL, 1),
(16, '8GB', 15000000, NULL, 1);

-- --------------------------------------------------------

--
-- Cấu trúc bảng cho bảng `san_pham`
--

CREATE TABLE `san_pham` (
  `san_pham_id` int(11) NOT NULL,
  `ten_san_pham` varchar(50) NOT NULL,
  `gia` int(11) NOT NULL,
  `ngay_nhap` date DEFAULT NULL,
  `mo_ta` text DEFAULT NULL,
  `so_luot_xem` int(11) DEFAULT 0,
  `trang_thai` tinyint(1) DEFAULT 1,
  `danh_muc_id` int(11) NOT NULL,
  `khuyen_mai_id` int(11) DEFAULT NULL,
  `gia_khuyen_mai` decimal(10,2) DEFAULT NULL,
  `stock` int(11) NOT NULL DEFAULT 0
) ENGINE=InnoDB DEFAULT CHARSET=utf8mb4 COLLATE=utf8mb4_general_ci;

--
-- Đang đổ dữ liệu cho bảng `san_pham`
--

INSERT INTO `san_pham` (`san_pham_id`, `ten_san_pham`, `gia`, `ngay_nhap`, `mo_ta`, `so_luot_xem`, `trang_thai`, `danh_muc_id`, `khuyen_mai_id`, `gia_khuyen_mai`, `stock`) VALUES
(43, 'Iphone 12', 5600000, '2024-11-15', 'iPhone 12: Là phiên bản tiêu chuẩn, sở hữu màn hình 6.1 inch, kích thước lớn hơn Mini nhưng vẫn nhỏ gọn và dễ dùng. Camera kép 12MP chụp ảnh rõ nét, hỗ trợ quay video Dolby Vision HDR, mang đến trải nghiệm hình ảnh chuyên nghiệp. Đặc biệt, iPhone 12 tích hợp MagSafe – hệ thống nam châm hỗ trợ sạc không dây và phụ kiện thông minh, làm nổi bật tính tiện dụng và hiện đại.', 17, 1, 1, 4, NULL, 0),
(44, 'Iphone 13', 14800000, '2024-11-16', 'iPhone 13: Phiên bản tiêu chuẩn với màn hình 6.1 inch, đáp ứng nhu cầu sử dụng hàng ngày. Camera kép 12MP được nâng cấp với cảm biến lớn hơn và tính năng chống rung quang học (Sensor-Shift OIS) giúp quay chụp ổn định. Thời lượng pin tăng 2.5 giờ so với iPhone 12.', 52, 1, 2, NULL, NULL, 0),
(45, 'Iphone 14', 34000000, '2024-11-16', 'iPhone 14: Màn hình 6.1 inch, chip A15 Bionic (GPU 5 nhân), camera kép 12MP cải tiến, cho khả năng chụp ảnh thiếu sáng tốt hơn 49% nhờ Photonic Engine. Đây là lựa chọn ổn định cho người dùng phổ thông.', 57, 1, 3, NULL, NULL, 0),
(50, 'Iphone 15', 30000000, '2024-11-18', 'iPhone 15: Với màn hình 6.1 inch và Dynamic Island (lần đầu có trên bản thường), iPhone 15 nâng tầm trải nghiệm người dùng. Camera chính 48MP mang lại khả năng chụp ảnh sắc nét và linh hoạt hơn, cùng chip A16 Bionic mạnh mẽ, giúp máy hoạt động mượt mà trong mọi tác vụ.', 63, 1, 5, NULL, NULL, 0),
(55, 'Iphone 12', 24390000, '2024-10-30', 'Iphone 12, Iphone 12 Pro, Iphone 12 Pro Max', 5, 1, 1, NULL, NULL, 0),
(57, 'Iphone 13', 24390000, '2024-11-06', 'Iphone 13, Iphone 13 Pro, Iphone 13 Pro Max', 2, 1, 2, NULL, NULL, 0),
(58, 'Iphone 14 ', 24390000, '2024-11-12', 'Iphone 14, Iphone 14 Pro, Iphone 14 Pro Max', 3, 1, 3, NULL, NULL, 0),
(59, 'Iphone 15 Pro Max', 24390000, '2024-11-06', 'Iphone 15, Iphone 15 Plus, Iphone 15 Pro, Iphone 15 Pro Max', 131, 1, 5, NULL, NULL, 0),
(62, 'Iphone 15 Pro Max', 24390000, '2024-10-30', 'Iphone 15, Iphone 15 Plus, Iphone 15 Pro, Iphone 15 Pro Max', 5, 1, 5, NULL, NULL, 0),
(63, 'Iphone 15 Pro Max', 24390000, '2024-11-06', 'Iphone 15, Iphone 15 Plus, Iphone 15 Pro, Iphone 15 Pro Max', 7, 1, 5, NULL, NULL, 0),
(64, 'Iphone 15 Pro Max', 24390000, '2024-11-13', 'Iphone 15, Iphone 15 Plus, Iphone 15 Pro, Iphone 15 Pro Max', 16, 1, 5, NULL, NULL, 0),
(65, 'Iphone 15 Pro', 19390000, '2024-11-07', 'Iphone 15, Iphone 15 Plus, Iphone 15 Pro, Iphone 15 Pro Max', 4, 1, 5, NULL, NULL, 0),
(66, 'Iphone 15 Pro', 19390000, '2024-10-31', 'Iphone 15, Iphone 15 Plus, Iphone 15 Pro, Iphone 15 Pro Max', 3, 1, 5, NULL, NULL, 0),
(67, 'Iphone 15 Pro', 19390000, '2024-11-13', 'Iphone 15, Iphone 15 Plus, Iphone 15 Pro, Iphone 15 Pro Max', 0, 1, 5, NULL, NULL, 0),
(68, 'Iphone 15 Pro', 19390000, '2024-11-07', 'Iphone 15, Iphone 15 Plus, Iphone 15 Pro, Iphone 15 Pro Max', 1, 1, 5, NULL, NULL, 0),
(69, 'Iphone 15 ', 13390000, '2024-11-06', 'Iphone 15, Iphone 15 Plus, Iphone 15 Pro, Iphone 15 Pro Max', 16, 1, 5, NULL, NULL, 0),
(70, 'Iphone 15 ', 13390000, '2024-10-29', 'Iphone 15, Iphone 15 Plus, Iphone 15 Pro, Iphone 15 Pro Max', 0, 1, 5, NULL, NULL, 0),
(71, 'Iphone 15 ', 13390000, '2024-10-30', 'Iphone 15, Iphone 15 Plus, Iphone 15 Pro, Iphone 15 Pro Max', 0, 1, 5, NULL, NULL, 0),
(72, 'Iphone 15 ', 13390000, '2024-10-30', 'Iphone 15, Iphone 15 Plus, Iphone 15 Pro, Iphone 15 Pro Max', 7, 1, 5, NULL, NULL, 0),
(73, 'Iphone 14 ', 13390000, '2024-11-06', 'Iphone 14, Iphone 14 Pro, Iphone 14 Pro Max', 0, 1, 3, NULL, NULL, 0),
(74, 'Iphone 14 ', 13390000, '2024-10-30', 'Iphone 14, Iphone 14 Pro, Iphone 14 Pro Max', 1, 1, 3, NULL, NULL, 0),
(75, 'Iphone 14 ', 13390000, '2024-10-28', 'Iphone 14, Iphone 14 Pro, Iphone 14 Pro Max', 0, 1, 3, NULL, NULL, 0),
(76, 'Iphone 14 ', 13390000, '2024-11-06', 'Iphone 14, Iphone 14 Pro, Iphone 14 Pro Max', 2, 1, 3, NULL, NULL, 0),
(77, 'Iphone 14 Pro', 13390000, '2024-11-14', 'Iphone 14, Iphone 14 Pro, Iphone 14 Pro Max', 0, 1, 3, NULL, NULL, 0),
(78, 'Iphone 14 Pro', 13390000, '2024-11-06', 'Iphone 14, Iphone 14 Pro, Iphone 14 Pro Max', 0, 1, 3, NULL, NULL, 0),
(79, 'Iphone 14 Pro', 13390000, '2024-10-31', 'Iphone 14, Iphone 14 Pro, Iphone 14 Pro Max', 0, 1, 3, NULL, NULL, 0),
(80, 'Iphone 14 Pro', 13390000, '2024-11-14', 'Iphone 14, Iphone 14 Pro, Iphone 14 Pro Max', 0, 1, 3, NULL, NULL, 0),
(81, 'Iphone 14 Pro Max', 23390000, '2024-11-19', 'Iphone 14, Iphone 14 Pro, Iphone 14 Pro Max', 3, 1, 3, NULL, NULL, 0),
(82, 'Iphone 14 Pro Max', 23390000, '2024-11-05', 'Iphone 14, Iphone 14 Pro, Iphone 14 Pro Max', 2, 1, 3, NULL, NULL, 0),
(83, 'Iphone 14 Pro Max', 24390000, '2024-11-06', 'Iphone 14, Iphone 14 Pro, Iphone 14 Pro Max', 1, 1, 3, NULL, NULL, 0),
(84, 'Iphone 14 Pro Max', 24390000, '2024-11-13', 'Iphone 14, Iphone 14 Pro, Iphone 14 Pro Max', 0, 1, 3, NULL, NULL, 0),
(85, 'Iphone 13 ', 13390000, '2024-11-05', 'Iphone 13, Iphone 13 Pro, Iphone 13 Pro Max', 1, 1, 2, NULL, NULL, 0),
(86, 'Iphone 13', 13390000, '2024-11-13', 'Iphone 13, Iphone 13 Pro, Iphone 13 Pro Max', 1, 1, 2, NULL, NULL, 0),
(87, 'Iphone 13', 13390000, '2024-10-31', 'Iphone 13, Iphone 13 Pro, Iphone 13 Pro Max', 2, 1, 2, NULL, NULL, 0),
(88, 'Iphone 13', 13390000, '2024-11-07', 'Iphone 13, Iphone 13 Pro, Iphone 13 Pro Max', 0, 1, 2, NULL, NULL, 0),
(89, 'Iphone 13 Pro', 15390000, '2024-11-13', 'Iphone 13, Iphone 13 Pro, Iphone 13 Pro Max', 0, 1, 2, NULL, NULL, 0),
(90, 'Iphone 13 Pro', 15390000, '2024-11-14', 'Iphone 13, Iphone 13 Pro, Iphone 13 Pro Max', 1, 1, 2, NULL, NULL, 0),
(91, 'Iphone 13 Pro', 15390000, '2024-10-31', 'Iphone 13, Iphone 13 Pro, Iphone 13 Pro Max', 0, 1, 2, NULL, NULL, 0),
(92, 'Iphone 13 Pro', 15390000, '2024-11-13', 'Iphone 13, Iphone 13 Pro, Iphone 13 Pro Max', 0, 1, 2, NULL, NULL, 0),
(93, 'Iphone 13 Pro', 15390000, '2024-11-20', 'Iphone 13, Iphone 13 Pro, Iphone 13 Pro Max', 1, 1, 2, NULL, NULL, 0),
(98, 'Iphone 12', 11390000, '2024-11-21', 'Iphone 12, Iphone 12 Pro, Iphone 12 Pro Max', 0, 1, 1, NULL, NULL, 0),
(99, 'Iphone 12', 11390000, '2024-11-20', 'Iphone 12, Iphone 12 Pro, Iphone 12 Pro Max', 0, 1, 1, NULL, NULL, 0),
(100, 'Iphone 12', 11390000, '2024-11-07', 'Iphone 12, Iphone 12 Pro, Iphone 12 Pro Max', 0, 1, 1, NULL, NULL, 0),
(101, 'Iphone 12', 11390000, '2024-11-07', 'Iphone 12, Iphone 12 Pro, Iphone 12 Pro Max', 1, 1, 1, NULL, NULL, 0),
(103, 'Iphone 11', 8000000, '2024-11-06', 'Iphone này đẹp lắm ', 1, 1, 6, NULL, NULL, 0),
(104, 'Iphone 11', 8000000, '2024-11-19', 'Iphone này đẹp lắm ', 1, 1, 6, NULL, NULL, 0),
(105, 'Iphone 11', 8000000, '2024-11-13', 'Iphone này đẹp lắm ', 0, 1, 6, NULL, NULL, 0),
(106, 'Iphone 11', 8000000, '2024-11-06', 'Iphone này đẹp lắm ', 0, 1, 6, NULL, NULL, 0),
(107, 'Iphone 11', 8000000, '2024-11-06', 'Iphone này đẹp lắm ', 0, 1, 6, NULL, NULL, 0),
(108, 'Iphone 11', 8000000, '2024-11-13', 'Iphone này đẹp lắm ', 0, 1, 6, NULL, NULL, 0),
(109, 'Iphone 11 Pro', 9200000, '2024-11-14', 'Iphone này đẹp lắm ', 0, 1, 6, NULL, NULL, 0),
(110, 'Iphone 11 Pro', 9200000, '2024-11-21', 'Iphone này đẹp lắm ', 0, 1, 6, NULL, NULL, 0),
(111, 'Iphone 11 Pro', 9200000, '2024-11-20', 'Iphone này đẹp lắm ', 1, 1, 6, NULL, NULL, 0),
(112, 'Iphone 11 Pro', 9200000, '2024-10-31', 'Iphone này đẹp lắm ', 0, 1, 6, NULL, NULL, 0),
(113, 'Iphone 11 Pro Max', 10200000, '2024-11-13', 'Iphone này đẹp lắm ', 0, 1, 6, NULL, NULL, 0),
(114, 'Iphone 11 Pro Max', 10200000, '2024-11-14', 'Iphone này đẹp lắm ', 1, 1, 6, NULL, NULL, 0),
(115, 'Iphone 11 Pro Max', 10200000, '2024-10-30', 'Iphone này đẹp lắm ', 0, 1, 6, NULL, NULL, 0),
(116, 'Iphone 11 Pro Max', 10200000, '2024-11-20', 'Iphone này đẹp lắm ', 5, 1, 6, NULL, NULL, 0),
(117, 'Iphone 13 Pro Max', 17200000, '2024-11-12', 'Iphone này đẹp lắm ', 0, 1, 2, NULL, NULL, 0),
(118, 'Iphone 13 Pro Max', 17200000, '2024-11-07', 'Iphone này đẹp lắm ', 1, 1, 2, NULL, NULL, 0),
(119, 'Iphone 13 Pro Max', 17200000, '2024-11-08', 'Iphone này đẹp lắm ', 0, 1, 2, NULL, NULL, 0),
(120, 'Iphone 13 Pro Max', 17200000, '2024-11-19', 'Iphone này đẹp lắm ', 3, 1, 2, NULL, NULL, 0),
(121, 'Iphone 13 Pro Max', 17200000, '2024-11-20', 'Iphone này đẹp lắm ', 0, 1, 2, NULL, NULL, 0),
(122, 'Iphone 15 Plus', 24200000, '2024-11-13', 'Iphone này đẹp lắm ', 0, 1, 5, NULL, NULL, 0),
(123, 'Iphone 15 Plus', 24200000, '2024-11-07', 'Iphone này đẹp lắm ', 0, 1, 5, NULL, NULL, 0),
(124, 'Iphone 15 Plus', 24200000, '2024-11-15', 'Iphone này đẹp lắm ', 0, 1, 5, NULL, NULL, 0),
(125, 'Iphone 15 Plus', 24200000, '2024-11-19', 'Iphone này đẹp lắm ', 0, 1, 5, NULL, NULL, 0),
(126, 'Iphone 15 Plus', 24200000, '2024-11-07', 'Iphone này đẹp lắm ', 0, 1, 5, NULL, NULL, 0),
(127, 'Iphone 16', 27000000, '2024-11-07', 'Iphone này đẹp lắm ', 0, 1, 7, NULL, NULL, 0),
(128, 'Iphone 16', 27000000, '2024-11-12', 'Iphone này đẹp lắm ', 0, 1, 7, NULL, NULL, 0),
(129, 'Iphone 16', 27000000, '2024-11-07', 'Iphone này đẹp lắm ', 0, 1, 7, NULL, NULL, 0),
(130, 'Iphone 16', 27000000, '2024-10-30', 'Iphone này đẹp lắm ', 0, 1, 7, NULL, NULL, 0),
(131, 'Iphone 16', 27000000, '2024-11-16', 'Iphone này đẹp lắm ', 0, 1, 7, NULL, NULL, 0),
(132, 'Iphone 16 Plus', 29500000, '2024-11-07', 'Iphone này đẹp lắm ', 0, 1, 7, NULL, NULL, 0),
(133, 'Iphone 16 Plus', 29500000, '2024-11-14', 'Iphone này đẹp lắm ', 0, 1, 7, NULL, NULL, 0),
(134, 'Iphone 16 Plus', 29500000, '2024-11-14', 'Iphone này đẹp lắm ', 0, 1, 7, NULL, NULL, 0),
(135, 'Iphone 16 Plus', 29500000, '2024-11-14', 'Iphone này đẹp lắm ', 3, 1, 7, NULL, NULL, 0),
(136, 'Iphone 16 Plus', 29500000, '2024-11-13', 'Iphone này đẹp lắm ', 10, 1, 7, NULL, NULL, 0),
(137, 'Iphone 16 Pro', 33500000, '2024-11-15', 'Iphone này đẹp lắm ', 2, 1, 7, NULL, NULL, 0),
(138, 'Iphone 16 Pro', 33500000, '2024-11-15', 'Iphone này đẹp lắm ', 9, 1, 7, NULL, NULL, 0),
(140, 'Iphone 16 Pro', 33500000, '2024-11-06', 'Iphone này đẹp lắm ', 4, 1, 7, NULL, NULL, 0),
(141, 'Iphone 16 Pro Max', 36500000, '2024-11-15', 'Iphone này đẹp lắm ', 6, 1, 7, NULL, NULL, 0),
(142, 'Iphone 16 plus', 36500000, '2024-11-14', 'Iphone này đẹp lắm ', 19, 1, 7, NULL, NULL, 666),
(143, 'Iphone 16 ', 36500000, '2024-11-07', 'Iphone này đẹp lắm ', 51, 1, 7, NULL, NULL, 111),
(144, 'Iphone 16 Pro Max', 36500000, '2024-11-22', 'Iphone này đẹp lắm Iphone này đẹp lắm Iphone này đẹp lắm Iphone này đẹp lắm Iphone này đẹp lắm Iphone này đẹp lắm Iphone này đẹp lắm Iphone này đẹp lắm Iphone này đẹp lắm Iphone này đẹp lắm ', 103, 0, 7, NULL, NULL, 0);

-- --------------------------------------------------------

--
-- Cấu trúc bảng cho bảng `san_pham_khuyen_mai`
--

CREATE TABLE `san_pham_khuyen_mai` (
  `san_pham_id` int(11) NOT NULL,
  `khuyen_mai_id` int(11) NOT NULL,
  `ngay_them` timestamp NOT NULL DEFAULT current_timestamp()
) ENGINE=InnoDB DEFAULT CHARSET=utf8mb4 COLLATE=utf8mb4_general_ci;

--
-- Đang đổ dữ liệu cho bảng `san_pham_khuyen_mai`
--

INSERT INTO `san_pham_khuyen_mai` (`san_pham_id`, `khuyen_mai_id`, `ngay_them`) VALUES
(43, 7, '2024-11-20 18:36:48'),
(44, 4, '2024-11-20 19:28:58'),
(50, 9, '2024-11-20 19:36:05');

-- --------------------------------------------------------

--
-- Cấu trúc bảng cho bảng `san_pham_ram`
--

CREATE TABLE `san_pham_ram` (
  `san_pham_id` int(11) NOT NULL,
  `ram_id` int(11) NOT NULL
) ENGINE=InnoDB DEFAULT CHARSET=utf8mb4 COLLATE=utf8mb4_general_ci;

--
-- Đang đổ dữ liệu cho bảng `san_pham_ram`
--

INSERT INTO `san_pham_ram` (`san_pham_id`, `ram_id`) VALUES
(43, 5),
(43, 6),
(43, 7),
(44, 5),
(44, 6),
(44, 7),
(45, 5),
(45, 6),
(45, 7),
(50, 5),
(50, 6),
(50, 7),
(55, 5),
(55, 6),
(55, 7),
(57, 5),
(57, 6),
(57, 7),
(58, 5),
(58, 6),
(58, 7),
(59, 5),
(59, 6),
(59, 7),
(62, 5),
(62, 6),
(62, 7),
(63, 5),
(63, 6),
(63, 7),
(64, 5),
(64, 6),
(64, 7),
(65, 5),
(65, 6),
(65, 7),
(66, 5),
(66, 6),
(66, 7),
(67, 5),
(67, 6),
(67, 7),
(68, 5),
(68, 6),
(68, 7),
(69, 5),
(69, 6),
(69, 7),
(70, 5),
(70, 6),
(70, 7),
(71, 5),
(71, 6),
(71, 7),
(72, 5),
(72, 6),
(72, 7),
(73, 5),
(73, 6),
(73, 7),
(74, 5),
(74, 6),
(74, 7),
(75, 5),
(75, 6),
(76, 5),
(76, 6),
(77, 5),
(77, 6),
(77, 7),
(78, 5),
(78, 6),
(78, 7),
(79, 5),
(79, 6),
(79, 7),
(80, 5),
(80, 6),
(80, 7),
(81, 5),
(81, 6),
(81, 7),
(82, 5),
(82, 6),
(82, 7),
(83, 5),
(83, 6),
(83, 7),
(84, 5),
(84, 6),
(84, 7),
(85, 5),
(85, 6),
(85, 7),
(86, 5),
(86, 6),
(86, 7),
(87, 5),
(87, 6),
(87, 7),
(88, 5),
(88, 6),
(88, 7),
(89, 5),
(89, 6),
(89, 7),
(90, 5),
(90, 6),
(90, 7),
(91, 5),
(91, 6),
(91, 7),
(92, 5),
(92, 6),
(92, 7),
(93, 5),
(93, 6),
(93, 7),
(98, 5),
(98, 6),
(98, 7),
(99, 5),
(99, 6),
(99, 7),
(100, 5),
(100, 6),
(100, 7),
(101, 5),
(101, 6),
(101, 7),
(103, 5),
(103, 6),
(104, 5),
(104, 6),
(105, 5),
(105, 6),
(106, 5),
(106, 6),
(107, 5),
(107, 6),
(108, 5),
(108, 6),
(109, 5),
(109, 6),
(110, 5),
(110, 6),
(111, 5),
(111, 6),
(112, 5),
(112, 6),
(112, 7),
(113, 5),
(113, 6),
(113, 7),
(114, 5),
(114, 6),
(114, 7),
(115, 5),
(115, 6),
(116, 5),
(116, 6),
(117, 5),
(117, 6),
(117, 7),
(118, 5),
(118, 6),
(118, 7),
(119, 5),
(119, 6),
(119, 7),
(120, 5),
(120, 6),
(120, 7),
(121, 5),
(121, 6),
(121, 7),
(122, 5),
(122, 6),
(122, 7),
(123, 5),
(123, 6),
(123, 7),
(124, 5),
(124, 6),
(124, 7),
(125, 5),
(125, 6),
(125, 7),
(126, 5),
(126, 6),
(126, 7),
(127, 5),
(127, 6),
(127, 7),
(128, 5),
(128, 6),
(128, 7),
(129, 5),
(129, 6),
(129, 7),
(130, 5),
(130, 6),
(130, 7),
(131, 5),
(131, 6),
(131, 7),
(132, 5),
(132, 6),
(132, 7),
(133, 5),
(133, 6),
(133, 7),
(134, 5),
(134, 6),
(134, 7),
(135, 5),
(135, 6),
(135, 7),
(136, 5),
(136, 6),
(136, 7),
(137, 5),
(137, 6),
(137, 7),
(137, 9),
(138, 5),
(138, 6),
(138, 7),
(138, 9),
(140, 5),
(140, 6),
(140, 9),
(141, 5),
(141, 6),
(141, 7),
(141, 9),
(142, 5),
(142, 6),
(142, 7),
(142, 9),
(143, 5),
(143, 6),
(143, 7),
(143, 9),
(144, 5),
(144, 6),
(144, 7),
(144, 9);

-- --------------------------------------------------------

--
-- Cấu trúc bảng cho bảng `slides`
--

CREATE TABLE `slides` (
  `slide_id` int(11) NOT NULL,
  `img` varchar(255) CHARACTER SET utf8mb4 COLLATE utf8mb4_general_ci NOT NULL,
  `trang_thai` tinyint(1) DEFAULT 1
) ENGINE=InnoDB DEFAULT CHARSET=utf8mb4 COLLATE=utf8mb4_unicode_ci;

--
-- Đang đổ dữ liệu cho bảng `slides`
--

INSERT INTO `slides` (`slide_id`, `img`, `trang_thai`) VALUES
(1, '../Upload/Slides/1731906492_1731589962_banner3.jpg', 1),
(2, '../Upload/Slides/1731906501_1731762517_banner2.jpg', 0),
(3, '../Upload/Slides/1731906511_1731865258_banner1.jpg', 0),
(4, '../Upload/Slides/1731906520_1731761200_banner4.jpg', 1),
(5, '../Upload/Slides/1732452853_c9c7c787-45af-45f3-b500-bd45748c11a6.jpg', 1),
(7, '../Upload/Slides/1732452884_iPhone-15-I-15-Pro-Website.jpg', 1),
(8, '../Upload/Slides/1732452932_iPhone12_Pro_02.jpg', 1);

-- --------------------------------------------------------

--
-- Cấu trúc bảng cho bảng `tai_khoan`
--

CREATE TABLE `tai_khoan` (
  `tai_khoan_id` int(11) NOT NULL,
  `ho_va_ten` varchar(50) NOT NULL,
  `email` varchar(255) NOT NULL,
  `mat_khau` varchar(50) NOT NULL,
  `dia_chi` varchar(255) DEFAULT NULL,
  `so_dien_thoai` varchar(20) NOT NULL,
  `gioi_tinh` tinyint(1) NOT NULL,
  `hinh` varchar(255) DEFAULT NULL,
  `vai_tro` tinyint(1) DEFAULT 0,
  `ngay_dang_ky` date DEFAULT NULL,
  `trang_thai` tinyint(1) DEFAULT 1
) ENGINE=InnoDB DEFAULT CHARSET=utf8mb4 COLLATE=utf8mb4_general_ci;

--
-- Đang đổ dữ liệu cho bảng `tai_khoan`
--

INSERT INTO `tai_khoan` (`tai_khoan_id`, `ho_va_ten`, `email`, `mat_khau`, `dia_chi`, `so_dien_thoai`, `gioi_tinh`, `hinh`, `vai_tro`, `ngay_dang_ky`, `trang_thai`) VALUES
(1, 'vandai yêu bìnhh', 'admin@gmail.com', '123123', 'haaaaa', '098765432', 0, '../Upload/User/1731751753_avatar.png', 1, '2024-11-18', 1),
(2, 'Nguyễn Văn Cường ken', 'cuongkend123@gmail.com', '123456', 'hà nam', '0901234567', 0, '../Upload/User/1731758123_icon-account-info.png', 0, '2024-11-18', 1),
(3, 'Trần Thị B', 'tranthib@gmail.com', '123456', '456 Đường XYZ, Quận 2, TP.HCM', '0909876543', 0, '../Upload/User/1731758134_add-to-cart.png', 0, '2024-11-16', 1),
(5, 'Bình boong', 'binhbong123@gmail.com', '123123', 'hiệp hòa', '098765432', 0, '../Upload/User/1731872512_1731097720nam.jpg', 0, '2024-11-18', 1),
(6, 'Bảo Anh Nguyễn', 'banhday@gmail.com', '123456', 'Phú Thọ', '0368706552', 0, '../Upload/User/1732373301_banhdeptrai.jpg', 0, NULL, 1),
(7, 'Bình Nguyễn Thanh', 'binhntph50046@gmail.com', '88888888', 'Ngõ 123/7, Phương Canh, Nam Từ Liêm, Hà Nội', '0849371414', 0, '../Upload/User/nam.jpg', 1, NULL, 1),
(8, 'Ngọc Bảo Anh Nguyễn', 'admin2005@gmail.com', '123123', 'Phú Thọ', '0368706552', 0, '../Upload/User/nam.jpg', 0, NULL, 1),
(9, 'Ngọc Bảo Anh Nguyễn', 'admin2005@gmail.com', '1234567', 'Phú Thọ', '0368706552', 0, '../Upload/User/nam.jpg', 0, NULL, 1),
(10, 'Ngọc Bảo Anh Nguyễn', 'admin2005@gmail.com', '1234567', 'Phú Thọ', '0368706552', 0, '../Upload/User/nam.jpg', 0, NULL, 1),
(11, 'Ngọc Bảo Anh Nguyễn', 'admin2005@gmail.com', 'sdfgbhnjm,', 'Phú Thọ', '0368706552', 0, '../Upload/User/nam.jpg', 0, NULL, 1),
(12, 'Nguyễn Bảo Anh', 'banhhhh123@gmail.com', '00000000', 'Phú Thọ', '1234556788', 0, '../Upload/User/nam.jpg', 0, NULL, 1),
(13, 'Nguyễn Van Tam', 'binhntph50046@gmail.com', '00000000', 'okokok', '123456789', 0, '../Upload/User/1733496750_Dự án 1 db.png', 0, '2024-12-06', 1);

--
-- Chỉ mục cho các bảng đã đổ
--

--
-- Chỉ mục cho bảng `binh_luan`
--
ALTER TABLE `binh_luan`
  ADD PRIMARY KEY (`binh_luan_id`),
  ADD KEY `tai_khoan_id` (`tai_khoan_id`),
  ADD KEY `san_pham_id` (`san_pham_id`);

--
-- Chỉ mục cho bảng `chi_tiet_don_hang`
--
ALTER TABLE `chi_tiet_don_hang`
  ADD PRIMARY KEY (`chi_tiet_don_hang_id`),
  ADD KEY `don_hang_id` (`don_hang_id`),
  ADD KEY `san_pham_id` (`san_pham_id`);

--
-- Chỉ mục cho bảng `danh_muc`
--
ALTER TABLE `danh_muc`
  ADD PRIMARY KEY (`danh_muc_id`);

--
-- Chỉ mục cho bảng `don_hang`
--
ALTER TABLE `don_hang`
  ADD PRIMARY KEY (`don_hang_id`),
  ADD KEY `tai_khoan_id` (`tai_khoan_id`);

--
-- Chỉ mục cho bảng `gio_hang`
--
ALTER TABLE `gio_hang`
  ADD PRIMARY KEY (`gio_hang_id`),
  ADD UNIQUE KEY `unique_cart_item` (`tai_khoan_id`,`san_pham_id`,`ram_id`),
  ADD KEY `gio_hang_ibfk_2` (`san_pham_id`),
  ADD KEY `gio_hang_ibfk_3` (`ram_id`);

--
-- Chỉ mục cho bảng `hinh_anh_san_pham`
--
ALTER TABLE `hinh_anh_san_pham`
  ADD PRIMARY KEY (`hinh_anh_id`),
  ADD KEY `san_pham_id` (`san_pham_id`);

--
-- Chỉ mục cho bảng `khuyen_mai`
--
ALTER TABLE `khuyen_mai`
  ADD PRIMARY KEY (`khuyen_mai_id`);

--
-- Chỉ mục cho bảng `ram`
--
ALTER TABLE `ram`
  ADD PRIMARY KEY (`ram_id`);

--
-- Chỉ mục cho bảng `san_pham`
--
ALTER TABLE `san_pham`
  ADD PRIMARY KEY (`san_pham_id`),
  ADD KEY `danh_muc_id` (`danh_muc_id`),
  ADD KEY `san_pham_khuyen_mai_fk` (`khuyen_mai_id`);

--
-- Chỉ mục cho bảng `san_pham_khuyen_mai`
--
ALTER TABLE `san_pham_khuyen_mai`
  ADD PRIMARY KEY (`san_pham_id`,`khuyen_mai_id`),
  ADD KEY `khuyen_mai_id` (`khuyen_mai_id`);

--
-- Chỉ mục cho bảng `san_pham_ram`
--
ALTER TABLE `san_pham_ram`
  ADD PRIMARY KEY (`san_pham_id`,`ram_id`),
  ADD KEY `ram_id` (`ram_id`);

--
-- Chỉ mục cho bảng `slides`
--
ALTER TABLE `slides`
  ADD PRIMARY KEY (`slide_id`);

--
-- Chỉ mục cho bảng `tai_khoan`
--
ALTER TABLE `tai_khoan`
  ADD PRIMARY KEY (`tai_khoan_id`);

--
-- AUTO_INCREMENT cho các bảng đã đổ
--

--
-- AUTO_INCREMENT cho bảng `binh_luan`
--
ALTER TABLE `binh_luan`
  MODIFY `binh_luan_id` int(11) NOT NULL AUTO_INCREMENT, AUTO_INCREMENT=18;

--
-- AUTO_INCREMENT cho bảng `chi_tiet_don_hang`
--
ALTER TABLE `chi_tiet_don_hang`
  MODIFY `chi_tiet_don_hang_id` int(11) NOT NULL AUTO_INCREMENT, AUTO_INCREMENT=101;

--
-- AUTO_INCREMENT cho bảng `danh_muc`
--
ALTER TABLE `danh_muc`
  MODIFY `danh_muc_id` int(11) NOT NULL AUTO_INCREMENT, AUTO_INCREMENT=9;

--
-- AUTO_INCREMENT cho bảng `don_hang`
--
ALTER TABLE `don_hang`
  MODIFY `don_hang_id` int(11) NOT NULL AUTO_INCREMENT, AUTO_INCREMENT=99;

--
-- AUTO_INCREMENT cho bảng `gio_hang`
--
ALTER TABLE `gio_hang`
  MODIFY `gio_hang_id` int(11) NOT NULL AUTO_INCREMENT, AUTO_INCREMENT=116;

--
-- AUTO_INCREMENT cho bảng `hinh_anh_san_pham`
--
ALTER TABLE `hinh_anh_san_pham`
  MODIFY `hinh_anh_id` int(11) NOT NULL AUTO_INCREMENT, AUTO_INCREMENT=116;

--
-- AUTO_INCREMENT cho bảng `khuyen_mai`
--
ALTER TABLE `khuyen_mai`
  MODIFY `khuyen_mai_id` int(11) NOT NULL AUTO_INCREMENT, AUTO_INCREMENT=10;

--
-- AUTO_INCREMENT cho bảng `ram`
--
ALTER TABLE `ram`
  MODIFY `ram_id` int(11) NOT NULL AUTO_INCREMENT, AUTO_INCREMENT=17;

--
-- AUTO_INCREMENT cho bảng `san_pham`
--
ALTER TABLE `san_pham`
  MODIFY `san_pham_id` int(11) NOT NULL AUTO_INCREMENT, AUTO_INCREMENT=146;

--
-- AUTO_INCREMENT cho bảng `slides`
--
ALTER TABLE `slides`
  MODIFY `slide_id` int(11) NOT NULL AUTO_INCREMENT, AUTO_INCREMENT=9;

--
-- AUTO_INCREMENT cho bảng `tai_khoan`
--
ALTER TABLE `tai_khoan`
  MODIFY `tai_khoan_id` int(11) NOT NULL AUTO_INCREMENT, AUTO_INCREMENT=14;

--
-- Các ràng buộc cho các bảng đã đổ
--

--
-- Các ràng buộc cho bảng `binh_luan`
--
ALTER TABLE `binh_luan`
  ADD CONSTRAINT `binh_luan_ibfk_1` FOREIGN KEY (`tai_khoan_id`) REFERENCES `tai_khoan` (`tai_khoan_id`),
  ADD CONSTRAINT `binh_luan_ibfk_2` FOREIGN KEY (`san_pham_id`) REFERENCES `san_pham` (`san_pham_id`) ON DELETE CASCADE;

--
-- Các ràng buộc cho bảng `chi_tiet_don_hang`
--
ALTER TABLE `chi_tiet_don_hang`
  ADD CONSTRAINT `chi_tiet_don_hang_ibfk_1` FOREIGN KEY (`don_hang_id`) REFERENCES `don_hang` (`don_hang_id`),
  ADD CONSTRAINT `chi_tiet_don_hang_ibfk_2` FOREIGN KEY (`san_pham_id`) REFERENCES `san_pham` (`san_pham_id`) ON DELETE CASCADE;

--
-- Các ràng buộc cho bảng `don_hang`
--
ALTER TABLE `don_hang`
  ADD CONSTRAINT `don_hang_ibfk_1` FOREIGN KEY (`tai_khoan_id`) REFERENCES `tai_khoan` (`tai_khoan_id`);

--
-- Các ràng buộc cho bảng `gio_hang`
--
ALTER TABLE `gio_hang`
  ADD CONSTRAINT `gio_hang_ibfk_1` FOREIGN KEY (`tai_khoan_id`) REFERENCES `tai_khoan` (`tai_khoan_id`),
  ADD CONSTRAINT `gio_hang_ibfk_2` FOREIGN KEY (`san_pham_id`) REFERENCES `san_pham` (`san_pham_id`) ON DELETE CASCADE,
  ADD CONSTRAINT `gio_hang_ibfk_3` FOREIGN KEY (`ram_id`) REFERENCES `ram` (`ram_id`) ON DELETE CASCADE;

--
-- Các ràng buộc cho bảng `hinh_anh_san_pham`
--
ALTER TABLE `hinh_anh_san_pham`
  ADD CONSTRAINT `hinh_anh_san_pham_ibfk_1` FOREIGN KEY (`san_pham_id`) REFERENCES `san_pham` (`san_pham_id`) ON DELETE CASCADE;

--
-- Các ràng buộc cho bảng `san_pham`
--
ALTER TABLE `san_pham`
  ADD CONSTRAINT `san_pham_ibfk_1` FOREIGN KEY (`danh_muc_id`) REFERENCES `danh_muc` (`danh_muc_id`) ON DELETE CASCADE,
  ADD CONSTRAINT `san_pham_khuyen_mai_fk` FOREIGN KEY (`khuyen_mai_id`) REFERENCES `khuyen_mai` (`khuyen_mai_id`) ON DELETE CASCADE;

--
-- Các ràng buộc cho bảng `san_pham_khuyen_mai`
--
ALTER TABLE `san_pham_khuyen_mai`
  ADD CONSTRAINT `san_pham_khuyen_mai_ibfk_1` FOREIGN KEY (`san_pham_id`) REFERENCES `san_pham` (`san_pham_id`) ON DELETE CASCADE,
  ADD CONSTRAINT `san_pham_khuyen_mai_ibfk_2` FOREIGN KEY (`khuyen_mai_id`) REFERENCES `khuyen_mai` (`khuyen_mai_id`) ON DELETE CASCADE;

--
-- Các ràng buộc cho bảng `san_pham_ram`
--
ALTER TABLE `san_pham_ram`
  ADD CONSTRAINT `san_pham_ram_ibfk_1` FOREIGN KEY (`san_pham_id`) REFERENCES `san_pham` (`san_pham_id`) ON DELETE CASCADE,
  ADD CONSTRAINT `san_pham_ram_ibfk_2` FOREIGN KEY (`ram_id`) REFERENCES `ram` (`ram_id`) ON DELETE CASCADE;
COMMIT;

/*!40101 SET CHARACTER_SET_CLIENT=@OLD_CHARACTER_SET_CLIENT */;
/*!40101 SET CHARACTER_SET_RESULTS=@OLD_CHARACTER_SET_RESULTS */;
/*!40101 SET COLLATION_CONNECTION=@OLD_COLLATION_CONNECTION */;
